date,Oil_temperature,cumulative_mean,cumulative_std_dev,ucl_1,lcl_1,ucl_2,lcl_2,ucl_3,lcl_3
2020-02-01,55.7481173012318,55.7481173012318,,,,,,,
2020-02-02,55.82008249182193,55.78409989652687,0.05088707427565882,55.834986970802525,55.73321282225121,55.88587404507818,55.682325747975554,55.93676111935385,55.63143867369989
2020-02-03,56.08839203763194,55.88553061022856,0.179330187671434,56.06486079789999,55.706200422557124,56.24419098557142,55.52687023488569,56.42352117324286,55.34754004721425
2020-02-04,55.03311632442354,55.6724270387773,0.4506573785053347,56.123084417282634,55.22176966027197,56.57374179578797,54.771112281766634,57.02439917429331,54.32045490326129
2020-02-05,57.02648917574291,55.943239466170425,0.7204275874463366,56.66366705361676,55.22281187872409,57.3840946410631,54.50238429127775,58.10452222850944,53.78195670383141
2020-02-06,56.65519335897955,56.06189844830528,0.7068892779287841,56.76878772623406,55.3550091703765,57.47567700416285,54.64811989244771,58.18256628209163,53.94123061451893
2020-02-07,58.957416335791265,56.47554386080328,1.270483398949669,57.74602725975295,55.205060461853606,59.016510658702614,53.93457706290394,60.28699405765229,52.66409366395427
2020-02-08,58.62733628725975,56.74451791411033,1.4008264253532743,58.145344339463605,55.34369148875706,59.54617076481688,53.94286506340379,60.94699719017015,52.542038638050514
2020-02-09,58.04590259651051,56.8891162121548,1.3802910381141462,58.26940725026895,55.50882517404066,59.64969828838309,54.128534135926515,61.029989326497244,52.74824309781236
2020-02-10,55.81163966256026,56.78136855719534,1.3452173282748927,58.126585885470234,55.43615122892045,59.471803213745126,54.09093390064556,60.81702054202002,52.74571657237067
2020-02-11,56.10985399004172,56.7203217783632,1.2921464682943375,58.01246824665754,55.42817531006886,59.304614714951875,54.136028841774525,60.596761183246215,52.843882373480184
2020-02-12,59.175972392220864,56.924959329518,1.4213990088028572,58.34635833832086,55.503560320715145,59.76775734712372,54.08216131191229,61.18915635592658,52.66076230310943
2020-02-13,58.9855472901169,57.08346609571792,1.4760175070592065,58.55948360277712,55.60744858865871,60.03550110983633,54.1314310815995,61.511518616895536,52.6554135745403
2020-02-14,58.65757717830352,57.195902601616886,1.4791985960189946,58.67510119763588,55.71670400559789,60.15429979365488,54.237505409578894,61.63349838967387,52.758306813559905
2020-02-15,56.72777076640661,57.16469381260287,1.4305071006839516,58.595200913286824,55.734186711918916,60.02570801397077,54.30367961123497,61.456215114654725,52.873172510551015
2020-02-16,55.64452730610372,57.06968340594668,1.4333034682396024,58.50298687418628,55.636379937707076,59.936290342425885,54.20307646946747,61.369593810665485,52.76977300122787
2020-02-17,55.62385130373503,56.98463445875775,1.4314076649118823,58.416042123669634,55.55322679384587,59.84744978858152,54.121819128933986,61.2788574534934,52.690411464022105
2020-02-18,55.83244894446994,56.920624152408436,1.4149750811002595,58.335599233508695,55.50564907130818,59.750574314608954,54.09067399020792,61.16554939570921,52.67569890910766
2020-02-19,55.70541868512111,56.856665969919625,1.4030844624330054,58.25975043235263,55.45358150748662,59.66283489478563,54.05049704505362,61.06591935721864,52.64741258262061
2020-02-20,55.67819133980037,56.79774223841366,1.3908534011840483,58.18859563959771,55.406888837229616,59.57944904078176,54.01603543604556,60.970302441965806,52.62518203486152
2020-02-21,54.997266521340066,56.71200529950539,1.4114236787607501,58.12342897826614,55.300581620744644,59.534852657026896,53.88915794198389,60.946276335787644,52.47773426322314
2020-02-22,55.906992886645256,56.67541382619357,1.388060044226999,58.063473870420566,55.28735378196657,59.45153391464757,53.89929373773957,60.839593958874566,52.51123369351257
2020-02-23,56.57283251231527,56.670953769068426,1.3563150247739402,58.02726879384237,55.314638744294484,59.38358381861631,53.95832371952054,60.73989884339025,52.6020086947466
2020-02-24,53.92013829967758,56.556336457843805,1.4404510841681724,57.99678754201198,55.11588537367563,59.43723862618015,53.675434289507464,60.87768971034832,52.23498320533929
2020-02-25,54.446506424965584,56.47194325652868,1.4719036986189937,57.94384695514768,55.00003955790969,59.41575065376667,53.52813585929069,60.88765435238567,52.0562321606717
2020-02-26,55.3670554942021,56.429447573362275,1.4583529882611455,57.88780056162342,54.97109458510113,59.34615354988456,53.51274159683999,60.80450653814571,52.05438860857884
2020-02-27,55.268936082230624,56.38646566628332,1.447368193590167,57.83383385987349,54.939097472693156,59.28120205346366,53.491729279102984,60.728570247053824,52.04436108551282
2020-02-28,55.0204736176572,56.33768023597525,1.4435813958019441,57.78126163177719,54.89409884017331,59.22484302757914,53.45051744437136,60.66842442338108,52.006936048569415
2020-03-01,63.9904068566708,56.60156736082681,2.007226269864356,58.60879363069117,54.59434109096246,60.61601990055553,52.5871148210981,62.62324617041988,50.57988855123374
2020-03-02,66.22191215323646,56.92224552057381,2.641034305074447,59.56327982564826,54.28121121549936,62.20431413072271,51.64017691042491,64.84534843579715,48.99914260535047
2020-03-03,65.41427192498621,57.19618185620001,3.011450601038164,60.20763245723818,54.18473125516185,63.21908305827634,51.17328065412369,66.2305336593145,48.161830053085524
2020-03-04,64.4323921319797,57.42231342731813,3.226860279828046,60.649173707146176,54.195453147490085,63.87603398697422,50.96859286766204,67.10289426680227,47.741732587833994
2020-03-05,65.42561557933494,57.664837734955,3.4681735793801667,61.133011314335164,54.19666415557484,64.60118489371533,50.728490576194666,68.0693584730955,47.2603169968145
2020-03-06,67.12614132592299,57.94311136998347,3.7810802110253094,61.72419158100878,54.16203115895816,65.5052717920341,50.38095094793285,69.28635200305939,46.59987073690754
2020-03-07,60.7143526125534,58.02228969119975,3.7543977559973354,61.77668744719709,54.267891935202414,65.53108520319442,50.51349417920508,69.28548295919175,46.759096423207744
2020-03-08,61.987752409362095,58.13244143337093,3.7589328929908556,61.891374326361785,54.37350854038007,65.65030721935264,50.614575647389216,69.4092401123435,46.85564275439836
2020-03-09,63.01144694748067,58.264306447265795,3.792157484595687,62.05646393186148,54.47214896267011,65.84862141645716,50.67999147807442,69.64077890105285,46.887833993478736
2020-03-10,61.712766220901436,58.35505538867726,3.782160946392909,62.137216335070164,54.57289444228435,65.91937728146307,50.79073349589144,69.70153822785599,47.00857254949853
2020-03-11,65.32776980482204,58.53384293780917,3.8955019422249686,62.42934488003414,54.6383409955842,66.3248468222591,50.74283905335923,70.22034876448407,46.847337111134266
2020-03-12,69.20149049012436,58.80053412661705,4.198904867005354,62.999438993622405,54.6016292596117,67.19834386062776,50.402724392606345,71.39724872763311,46.20381952560099
2020-03-13,60.53789367816093,58.84290874982543,4.154955112450842,62.997863862276276,54.68795363737459,67.15281897472711,50.53299852492375,71.30777408717796,46.378043412472906
2020-03-14,62.01499284692417,58.91843456166113,4.133057165165844,63.051491726826974,54.785377396495285,67.18454889199282,50.65232023132944,71.31760605715866,46.5192630661636
2020-03-15,59.149359316604375,58.92380490479934,4.083709532278541,63.00751443707788,54.8400953725208,67.09122396935642,50.75638584024226,71.17493350163497,46.67267630796371
2020-03-16,53.536775311085975,58.801372414033125,4.116843590076171,62.9182160041093,54.68452882395695,67.03505959418547,50.56768523388078,71.15190318426164,46.45084164380461
2020-03-17,56.30413986668226,58.745878357425326,4.08678256999069,62.832660927416015,54.65909578743464,66.9194434974067,50.57231321744395,71.00622606739739,46.48553064745326
2020-03-18,57.28028851669153,58.714017708713726,4.046892077771666,62.76090978648539,54.66712563094206,66.80780186425706,50.620233553170394,70.85469394202872,46.57334147539873
2020-03-19,57.456726004173184,58.687266821383076,4.006861630439537,62.694128451822614,54.68040519094354,66.70099008226215,50.673543560504,70.70785171270168,46.66668193006447
2020-03-20,55.99136263563454,58.63110215084665,3.9830591541080396,62.61416130495469,54.64804299673861,66.59722045906273,50.66498384263057,70.58027961317077,46.68192468852253
2020-03-21,60.710990308903696,58.67354884794985,3.9525344742018413,62.62608332215169,54.72101437374801,66.57861779635354,50.76847989954617,70.53115227055538,46.815945425344324
2020-03-22,61.42467305265573,58.72857133204397,3.93129435934252,62.65986569138649,54.79727697270145,66.59116005072902,50.86598261335893,70.52245441007153,46.93468825401641
2020-03-23,58.21100849013309,58.71842304102611,3.892457605593424,62.61088064661953,54.825965435432686,66.50333825221296,50.93350782983926,70.39579585780638,47.041050224245836
2020-03-24,59.52045158771473,58.73384666692396,3.8557118062319646,62.589558473155925,54.87813486069199,66.44527027938788,51.02242305446003,70.30098208561985,47.16671124822807
2020-03-25,59.908708122992195,58.75601386420827,3.8218663539403326,62.5778802181486,54.93414751026794,66.39974657208893,51.112281156327604,70.22161292602927,47.290414802387275
2020-03-26,60.60268184947223,58.79021141949094,3.7939710797007606,62.5841824991917,54.99624033979018,66.37815357889247,51.202269260089416,70.17212465859322,47.408298180388655
2020-03-27,65.6352971546581,58.9146675237667,3.870344906055631,62.78501242982233,55.044322617711074,66.65535733587797,51.17397771165544,70.5257022419336,47.30363280559981
2020-03-28,64.85208569004526,59.020692848164536,3.9162138049929416,62.93690665315748,55.104479043171594,66.85312045815041,51.18826523817865,70.76933426314336,47.27205143318571
2020-03-29,77.2414779830532,59.34035574526784,4.570270160663012,63.91062590593086,54.77008558460483,68.48089606659387,50.19981542394182,73.05116622725689,45.62954526327881
2020-03-30,61.282935500253934,59.373848499664156,4.537178265388079,63.911026765052235,54.83667023427608,68.4482050304403,50.299491968888,72.9853832958284,45.76231370349992
2020-03-31,61.76626706435701,59.414397966862346,4.508665778960522,63.923063745822866,54.905732187901826,68.43172952478339,50.3970664089413,72.94039530374391,45.88840062998078
2020-04-01,62.10622923588039,59.459261821345976,4.4837807174793864,63.94304253882536,54.97548110386659,68.42682325630474,50.4917003863872,72.91060397378413,46.00791966890782
2020-04-02,61.47023098883987,59.49222852900981,4.4537077882439755,63.94593631725378,55.03852074076583,68.39964410549776,50.58481295252186,72.85335189374173,46.13110516427788
2020-04-03,61.146189003436426,59.5189053108554,4.422042860548324,63.940948171403726,55.09686245030708,68.36299103195205,50.674819589758755,72.78503389250038,46.252776729210424
2020-04-04,59.97531113677188,59.52614984777471,4.386613151839365,63.912762999614074,55.13953669593535,68.29937615145344,50.75292354409598,72.6859893032928,46.366310392256615
2020-04-05,61.434875516291875,59.55597368634529,4.358195262627017,63.9141689489723,55.197778423718276,68.27236421159932,50.839583161091255,72.63055947422635,46.481387898464234
2020-04-06,63.3408481192335,59.61420252377434,4.349422447843142,63.96362497161748,55.2647800759312,68.31304741946062,50.91535762808805,72.66246986730377,46.565935180244914
2020-04-07,62.04031167855801,59.650961753392274,4.326155273067341,63.97711702645962,55.32480648032493,68.30327229952695,50.998651207257595,72.6294275725943,46.67249593419025
2020-04-08,58.5191963661775,59.63406973268758,4.2954821917248776,63.92955192441246,55.3385875409627,68.22503411613734,51.04310534923782,72.52051630786221,46.74762315751295
2020-04-09,55.441776788279235,59.57241836585804,4.293511068285177,63.86592943414322,55.278907297572864,68.1594405024284,50.98539622928769,72.45295157071357,46.69188516100251
2020-04-10,57.82422269389628,59.54708219669918,4.267017477096938,63.814099673796115,55.280064719602244,68.08111715089305,51.0130472425053,72.34813462798999,46.746029765408366
2020-04-11,59.31739175542952,59.54380090468104,4.236073171705969,63.77987407638701,55.307727732975074,68.01594724809298,51.071654561269106,72.25202041979895,46.83558138956313
2020-04-12,67.83417543859649,59.66056674318689,4.319259320739844,63.97982606392674,55.341307422447045,68.29908538466658,51.0220481017072,72.61834470540643,46.70278878096736
2020-04-13,55.27314338760354,59.59963030769268,4.319791018267275,63.91942132595995,55.279839289425404,68.23921234422723,50.96004827115813,72.55900336249451,46.64025725289085
2020-04-14,53.922321851793335,59.52185895898173,4.340846859124075,63.86270581810581,55.181012099857654,68.20355267722988,50.84016524073358,72.54439953635395,46.499318381609505
2020-04-15,56.54464603344006,59.48162635187981,4.324882642291793,63.8065089941716,55.15674370958802,68.13139163646339,50.831861067296224,72.45627427875519,46.506978425004434
2020-04-16,57.30806963996512,59.452645595720945,4.302886959754404,63.75553255547535,55.14975863596654,68.05841951522976,50.84687167621214,72.36130647498416,46.54398471645773
2020-04-17,50.45153150293605,59.334209883973784,4.397047311549949,63.73125719552373,54.93716257242384,68.12830450707368,50.54011526087389,72.52535181862363,46.143067949323935
2020-04-18,74.13068221170495,59.526371862256006,4.682194932670421,64.20856679492643,54.844176929585586,68.89076172759685,50.161981996915166,73.57295666026727,45.479787064244746
2020-04-19,61.90186148451199,59.55682685741313,4.659461480048608,64.21628833746173,54.89736537736452,68.87574981751034,50.23790389731591,73.53521129755896,45.578442417267304
2020-04-20,63.33524475056842,59.604654932010035,4.648973537375303,64.25362846938533,54.95568139463473,68.90260200676065,50.306707857259426,73.55157554413594,45.65773431988413
2020-04-21,58.09572552190532,59.58579331438373,4.622535461468206,64.20832877585194,54.963257852915525,68.83086423732014,50.340722391447315,73.45339969878835,45.71818692997911
2020-04-22,56.33443859011628,59.54565313260265,4.607737637500785,64.15339077010344,54.93791549510187,68.76112840760422,50.330177857601086,73.36886604510501,45.722440220100296
2020-04-23,56.678884516216584,59.51069253971989,4.59013680805923,64.10082934777913,54.92055573166066,68.69096615583835,50.33041892360143,73.28110296389758,45.7402821155422
2020-04-24,56.42888222723495,59.473562294991154,4.574586420975395,64.04814871596655,54.89897587401576,68.62273513694194,50.32438945304037,73.19732155791733,45.74980303206497
2020-04-25,53.542482517482526,59.40295420240176,4.5927652388869245,63.995719441288685,54.81018896351483,68.58848468017561,50.217423724627906,73.18124991906254,45.62465848574099
2020-04-27,57.13538285629979,59.37627689244762,4.571965905029061,63.94824279747668,54.80431098741856,68.52020870250574,50.2323450823895,73.0921746075348,45.66037917736044
2020-04-28,56.691441474519024,59.34505787596009,4.554203993451008,63.89926186941109,54.79085388250908,68.4534658628621,50.23664988905807,73.00766985631311,45.68244589560706
2020-04-29,58.072617562679305,59.33043212523271,4.529703369751991,63.8601354949847,54.80072875548072,68.38983886473669,50.27102538572873,72.91954223448869,45.741322015976735
2020-04-30,56.30143316195373,59.29601168246818,4.515155653911363,63.81116733637955,54.78085602855682,68.3263229902909,50.265700374645455,72.84147864420227,45.7505447207341
2020-05-01,55.05506756756757,59.248360624997396,4.511878743297211,63.760239368294606,54.736481881700186,68.27211811159182,50.224603138402976,72.78399685488903,45.71272439510577
2020-05-02,61.67617877028788,59.27533638216729,4.493752455397715,63.76908883756501,54.78158392676957,68.26284129296272,50.28783147137186,72.75659374836043,45.79407901597415
2020-05-03,60.81803005966039,59.29228905994193,4.471642678030741,63.76393173797267,54.82064638191119,68.23557441600342,50.34900370388045,72.70721709403415,45.87736102584971
2020-05-04,57.83903325703514,59.27649280121468,4.449585655512722,63.7260784567274,54.82690714570196,68.17566411224013,50.37732149018923,72.62524976775285,45.92773583467651
2020-05-05,57.19587848821458,59.2541206043007,4.430593180952069,63.68471378525277,54.82352742334864,68.11530696620484,50.392934242396564,72.54590014715691,45.96234106144449
2020-05-06,58.04889511458071,59.24129905653773,4.4084613921119775,63.6497604486497,54.83283766442575,68.05822184076169,50.42437627231377,72.46668323287366,46.01591488020179
2020-05-07,58.28611041874377,59.23124443929779,4.386044409613558,63.61728884891135,54.84520002968423,68.0033332585249,50.459155620070675,72.38937766813847,46.073111210457114
2020-05-08,57.62975486573048,59.214562256239795,4.3659595863833855,63.58052184262318,54.84860266985641,67.94648142900657,50.48264308347302,72.31244101538995,46.11668349708964
2020-05-09,58.02398785425101,59.2022882933327,4.344842668066667,63.54713096139937,54.85744562526603,67.89197362946604,50.51260295719936,72.2368162975327,46.1677602891327
2020-05-10,54.57492401215806,59.15507029046357,4.347589870397851,63.502660160861424,54.807480420065716,67.85025003125926,50.45989054966787,72.19783990165712,46.11230067927002
2020-05-11,54.73900826446281,59.11046360333224,4.348062872688346,63.45852647602059,54.7624007306439,67.80658934870894,50.41433785795555,72.15465222139728,46.0662749852672
2020-05-12,55.49435606949988,59.07430252799392,4.341134288716869,63.415436816710795,54.73316823927705,67.75657110542767,50.39203395056018,72.09770539414453,46.05089966184332
2020-05-13,60.65395823772373,59.0899426835358,4.322233046071136,63.412175729606936,54.76770963746467,67.73440877567808,50.44547659139353,72.05664182174921,46.123243545322396
2020-05-14,55.766158152002525,59.05735656067763,4.313356053437018,63.37071261411465,54.744000507240614,67.68406866755167,50.430644453803595,71.99742472098869,46.117288400366576
2020-05-15,56.71853700825063,59.03464957473174,4.298342195444346,63.332991770176086,54.73630737928739,67.63133396562043,50.43796518384305,71.92967616106478,46.1396229883987
2020-05-16,60.681996517701684,59.050489449183374,4.280474649701312,63.330964098884685,54.77001479948206,67.611438748586,50.48954014978075,71.89191339828731,46.20906550007943
2020-05-17,64.66613979627678,59.103971833441406,4.29495332517494,63.39892515861634,54.80901850826647,67.69387848379128,50.514065183091525,71.98883180896622,46.21911185791659
2020-05-18,65.83237700059277,59.16744735388623,4.324121986163592,63.49156934004982,54.84332536772264,67.81569132621341,50.51920338155905,72.139813312377,46.195081395395455
2020-05-19,66.43562753036437,59.23537427142341,4.360658150819505,63.596032422242914,54.87471612060391,67.95669057306242,50.5140579697844,72.31734872388192,46.15339981896489
2020-05-20,73.50299852586438,59.36748190340898,4.552195965605382,63.919677869014365,54.815285937803594,68.47187383461974,50.263089972198216,73.02406980022512,45.71089400659284
2020-05-21,65.52253683241251,59.42395029725305,4.569264632874318,63.993214930127365,54.854685664378735,68.56247956300169,50.28542103150441,73.131744195876,45.7161563986301
2020-05-22,66.80300705101618,59.49103263137816,4.602351649613259,64.09338428099142,54.8886809817649,68.69573593060468,50.286329332151645,73.29808758021794,45.683977682538384
2020-05-23,67.63211752187277,59.564375738499734,4.6460922072044974,64.21046794570424,54.91828353129524,68.85656015290873,50.27219132409074,73.50265236011323,45.62609911688624
2020-05-24,66.01011904761904,59.62192701804544,4.665047003804307,64.28697402184974,54.956880014241136,68.95202102565405,50.291833010436825,73.61706802945835,45.62678600663252
2020-05-25,66.57452912199363,59.68345447029277,4.690003192502885,64.37345766279566,54.99345127778989,69.06346085529854,50.303448085287,73.75346404780143,45.613444892784116
2020-05-26,64.70833481983588,59.72753236809578,4.69286267548799,64.42039504358377,55.03466969260779,69.11325771907175,50.3418070171198,73.80612039455974,45.64894434163181
2020-05-27,64.6,59.76990165185147,4.694275151099219,64.46417680295069,55.07562650075225,69.15845195404991,50.38135134965303,73.85272710514913,45.68707619855381
2020-05-28,67.35461415362731,59.83528710445299,4.72657695977411,64.5618640642271,55.10871014467888,69.2884410240012,50.38213318490477,74.01501798377532,45.65555622513066
2020-05-29,66.38628783819985,59.89127856371578,4.744969870675389,64.63624843439116,55.14630869304039,69.38121830506655,50.401338822365005,74.12618817574194,45.656368951689615
2020-05-30,67.83068353255193,59.95856165667202,4.780846486644051,64.73940814331607,55.177715170027966,69.52025462996012,50.396868683383914,74.30110111660417,45.61602219673986
2020-05-31,63.92648752399232,59.991905571523446,4.77442145362149,64.76632702514493,55.217484117901954,69.54074847876643,50.44306266428047,74.31516993238792,45.668641210658976
2020-06-01,65.35020532676288,60.03655806948378,4.7794148409283395,64.81597291041211,55.25714322855544,69.59538775134047,50.4777283876271,74.3748025922688,45.69831354669876
2020-06-02,63.276539660884815,60.06333477685073,4.768564306174267,64.831899083025,55.29477047067646,69.60046338919926,50.5262061645022,74.36902769537353,45.75764185832793
2020-06-03,65.00063001504513,60.10380440995068,4.769810137771233,64.87361454772191,55.33399427217945,69.64342468549314,50.564184134408215,74.41323482326439,45.794373996636985
2020-06-04,63.88279887563102,60.13452794219199,4.762426742184253,64.89695468437624,55.372101200007734,69.65938142656049,50.60967445782348,74.42180816874475,45.84724771563923
2020-06-05,70.56673072510326,60.218658609796115,4.834664482207686,65.05332309200381,55.38399412758843,69.8879875742115,50.549329645380745,74.72265205641918,45.71466516317305
2020-06-06,75.40196445594444,60.3401250565653,5.002973418165026,65.34309847473033,55.33715163840027,70.34607189289535,50.334178220235245,75.34904531106038,45.33120480207022
2020-06-07,75.46356382978723,60.460152348416266,5.161853395642565,65.62200574405882,55.2982989527737,70.78385913970139,50.13644555713114,75.94571253534396,44.97459216148857
2020-06-08,65.39914343100189,60.49904204197993,5.15997482677159,65.65901686875152,55.339067215208345,70.81899169552311,50.17909238843676,75.9789665222947,45.01911756166516
2020-06-09,64.7544846280538,60.53228768718363,5.15336460957156,65.6856522967552,55.37892307761207,70.83901690632675,50.22555846804051,75.99238151589832,45.07219385846895
2020-06-10,64.00134802374036,60.5591796277771,5.142273689531882,65.70145331730897,55.416905938245215,70.84372700684087,50.27463224871333,75.98600069637274,45.132358559181455
2020-06-11,63.684654084305784,60.583221738981166,5.12963325896779,65.71285499794895,55.45358848001337,70.84248825691675,50.32395522104559,75.97212151588454,45.194321962077794
2020-06-12,59.07189786059351,60.571684915482024,5.111571627135035,65.68325654261706,55.46011328834699,70.7948281697521,50.348541661211954,75.90639979688713,45.23697003407692
2020-06-13,65.08578639440175,60.60588265395869,5.107160162337349,65.71304281629604,55.498722491621336,70.82020297863339,50.391562329283985,75.92736314097074,45.28440216694664
2020-06-14,64.67733187471211,60.63649505411473,5.100012022369753,65.73650707648449,55.53648303174498,70.83651909885424,50.436471009375225,75.936531121224,45.33645898700547
2020-06-15,64.43555449216414,60.66484624395092,5.09139132770712,65.75623757165803,55.5734549162438,70.84762889936516,50.482063588536676,75.93902022707228,45.39067226082956
2020-06-16,64.70576199149968,60.69477895319202,5.084267052813012,65.77904600600503,55.61051190037901,70.86331305881805,50.526244847566,75.94758011163105,45.44197779475299
2020-06-17,65.75522900763359,60.73198814476879,5.083953867929542,65.81594201269833,55.64803427683925,70.89989588062788,50.56408040890971,75.98384974855742,45.480126540980166
2020-06-18,68.23326099537037,60.78674196119654,5.105610816988907,65.89235277818545,55.68113114420763,70.99796359517435,50.575520327218726,76.10357441216325,45.46990951022982
2020-06-19,66.97050311922366,60.83155182466051,5.114106307429604,65.94565813209012,55.71744551723091,71.05976443951971,50.6033392098013,76.17387074694932,45.4892329023717
2020-06-20,66.71045144603809,60.873846066540914,5.119883258761197,65.99372932530211,55.753962807779715,71.1136125840633,50.63407954901852,76.23349584282451,45.514196290257324
2020-06-21,65.66625235785503,60.90807754005031,5.117486835030936,66.02556437508125,55.79059070501937,71.14305121011218,50.67310386998844,76.26053804514312,45.5556170349575
2020-06-22,65.7264641187792,60.94225049450938,5.115297456893623,66.05754795140301,55.82695303761576,71.17284540829662,50.71165558072214,76.28814286519025,45.59635812382851
2020-06-23,65.14999999999999,60.97188253328044,5.1093420221863655,66.0812245554668,55.862540511094075,71.19056657765317,50.753198488907714,76.29990859983954,45.643856466721346
2020-06-24,65.14999999999999,61.001100137942814,5.10329401550657,66.10439415344939,55.89780612243624,71.20768816895595,50.79451210692967,76.31098218446252,45.6912180914231
2020-06-25,65.22406310444873,61.03042626965467,5.097580782229915,66.12800705188458,55.93284548742476,71.22558783411449,50.83526470519484,76.32316861634442,45.73768392296492
2020-06-26,64.70619382346162,61.055776390715394,5.089013392049136,66.14478978276453,55.966762998666255,71.23380317481366,50.87774960661712,76.3228165668628,45.78873621456799
2020-06-27,64.62445805843544,61.08021941583677,5.080027498779396,66.16024691461617,56.00019191705738,71.24027441339557,50.92016441827798,76.32030191217495,45.84013691949858
2020-06-28,60.266719242902205,61.0746854010549,5.063044857823647,66.13773025887855,56.01164054323125,71.20077511670219,50.948595685407604,76.26381997452584,45.885550827583955
2020-06-29,65.79071395643656,61.106550458861534,5.060663585277821,66.16721404413936,56.04588687358371,71.22787762941718,50.98522328830589,76.288541214695,45.92455970302807
2020-06-30,65.05960232504603,61.13308100829902,5.053924206610531,66.18700521490955,56.07915680168849,71.24092942152008,51.02523259507796,76.29485362813061,45.971308388467435
2020-07-01,65.48320711417097,61.16208184900483,5.049443867959234,66.21152571696406,56.112637981045594,71.2609695849233,51.06319411308636,76.31041345288253,46.01375024512713
2020-07-02,66.31696971435127,61.19622017923891,5.050037961979445,66.24625814121835,56.146182217259465,71.29629610319779,51.09614425528002,76.34633406517725,46.04610629330057
2020-07-03,65.88522797479304,61.22706891473598,5.047637081942115,66.2747059966781,56.17943183279387,71.32234307862021,51.13179475085175,76.36998016056232,46.08415766890963
2020-07-04,65.81168181295294,61.2570337049204,5.044640169750445,66.30167387467085,56.21239353516996,71.34631404442129,51.167753365419514,76.39095421417174,46.12311319566906
2020-07-05,67.97762735199633,61.300673923407906,5.057208048117492,66.3578819715254,56.24346587529041,71.41509001964289,51.18625782717292,76.47229806776039,46.12904977905543
2020-07-06,67.83520149001016,61.34283216577308,5.068013784165231,66.4108459499383,56.27481838160785,71.47885973410354,51.20680459744262,76.54687351826877,46.13879081327739
2020-07-07,68.05566108472883,61.38586312038178,5.080149111983493,66.46601223236527,56.30571400839828,71.54616134434876,51.225564896414795,76.62631045633226,46.1454157844313
2020-07-08,70.17128258770518,61.44182120616091,5.112151690196681,66.55397289635759,56.32966951596423,71.66612458655428,51.217517825767544,76.77827627675096,46.10536613557087
2020-07-09,67.14447658951849,61.477913961751774,5.116000415103946,66.59391437685572,56.36191354664783,71.70991479195966,51.24591313154388,76.82591520706362,46.12991271643993
2020-07-10,68.17493712449351,61.52003360428474,5.127365957029143,66.64739956131389,56.3926676472556,71.77476551834303,51.26530169022645,76.90213147537217,46.13793573319731
2020-07-11,68.38104892442415,61.56291495003561,5.13991693121497,66.70283188125059,56.42299801882064,71.84274881246556,51.28308108760567,76.98266574368053,46.1431641563907
2020-07-12,68.31235068639685,61.604836911131024,5.151366661311574,66.7562035724426,56.453470249819446,71.90757023375417,51.302103588507876,77.05893689506574,46.150736927196306
2020-07-13,68.85857546408394,61.64961307503813,5.166870387076048,66.81648346211418,56.48274268796209,71.98335384919022,51.315872300886035,77.15022423626627,46.14900191380999
2020-07-14,64.38723687903452,61.666408313099474,5.155359844309994,66.82176815740947,56.51104846878948,71.97712800171946,51.355688624479484,77.13248784602945,46.20032878016949
2020-07-15,74.96017492206443,61.74746786559316,5.243307001014,66.99077486660715,56.504160864579156,72.23408186762116,51.26085386356516,77.47738886863516,46.01754686255116
2020-07-16,69.08399676000926,61.791931677074466,5.258406846394817,67.05033852346928,56.533524830679646,72.3087453698641,51.27511798428483,77.56715221625892,46.01671113789001
2020-07-17,70.3424749278747,61.843440973766036,5.284287479630346,67.12772845339639,56.55915349413569,72.41201593302672,51.27486601450534,77.69630341265707,45.990578534875
2020-07-18,66.80459066344717,61.87314845693778,5.282316008456144,67.15546446539392,56.590832448481635,72.43778047385007,51.308516440025485,77.7200964823062,46.02620043156934
2020-07-19,65.35555203411317,61.893877049659054,5.273325775084659,67.16720282474371,56.620551274574396,72.44052859982837,51.34722549948974,77.71385437491303,46.073899724405074
2020-07-20,65.64436579189687,61.91606929073739,5.265517342191284,67.18158663292867,56.65055194854611,72.44710397511996,51.38503460635482,77.71262131731125,46.119517264163534
2020-07-21,65.93036873698395,61.93968281689178,5.258935957957742,67.19861877484952,56.68074685893404,72.45755473280727,51.4218109009763,77.716490690765,46.16287494301856
2020-07-22,67.63695364238411,61.97300019014027,5.261515063080366,67.23451525322064,56.7114851270599,72.496030316301,51.449970063979535,77.75754537938137,46.18845500089917
2020-07-23,65.98669772256729,61.9963356409102,5.255027131135725,67.25136277204592,56.74130850977448,72.50638990318166,51.48628137863875,77.76141703431738,46.23125424750303
2020-07-24,65.09202058269314,62.01422977352166,5.245011974921605,67.25924174844327,56.76921779860006,72.50425372336487,51.52420582367846,77.74926569828648,46.27919384875685
2020-07-25,65.09218009478673,62.03191914318411,5.2350338495989845,67.2669529927831,56.79688529358513,72.50198684238208,51.56185144398614,77.73702069198106,46.32681759438716
2020-07-26,65.3257793114144,62.050741201288275,5.225904065709445,67.27664526699772,56.82483713557883,72.50254933270716,51.59893306986939,77.7284533984166,46.37302900415994
2020-07-27,65.31481834263165,62.06928709413682,5.216756747939671,67.2860438420765,56.85253034619715,72.50280059001616,51.63577359825747,77.71955733795583,46.4190168503178
2020-07-28,65.83570744288873,62.090566305146716,5.20961316126561,67.30017946641233,56.88095314388111,72.50979262767794,51.67133998261549,77.71940578894355,46.461726821349885
2020-07-29,65.52104268136375,62.10983864433894,5.201235321492656,67.3110739658316,56.90860332284629,72.51230928732426,51.70736800135363,77.7135446088169,46.506132679860976
2020-07-30,65.55426284693597,62.12908123764955,5.192990104616285,67.32207134226584,56.936091133033266,72.51506144688213,51.74310102841698,77.70805155149841,46.550110923800695
2020-07-31,65.14254459896053,62.14582270076794,5.183333055493457,67.3291557562614,56.96248964527448,72.51248881175485,51.779156589781024,77.69582186724831,46.59582353428756
2020-08-01,64.93565465223399,62.16123613696388,5.17307274977695,67.33430888674083,56.98816338718693,72.50738163651778,51.81509063740998,77.68045438629473,46.64201788763303
2020-08-02,64.94243610330524,62.176517455460264,5.162880301435224,67.3393977568955,57.01363715402504,72.50227805833072,51.85075685258982,77.66515835976594,46.68787655115459
2020-08-03,63.45133012414492,62.18348364490663,5.149539369675893,67.33302301458252,57.03394427523074,72.48256238425842,51.884404905554845,77.63210175393431,46.73486553587895
2020-08-04,64.70224999999999,62.19717259248866,5.138806204896947,67.33597879738561,57.05836638759172,72.47478500228256,51.91956018269477,77.6135912071795,46.78075397779782
2020-08-05,65.53278825811002,62.215202947437966,5.130687424933649,67.34589037237161,57.08451552250432,72.47657779730527,51.953828097570664,77.60726522223891,46.82314067263702
2020-08-06,65.80095342655727,62.23448117582032,5.123552354445869,67.35803353026618,57.11092882137445,72.48158588471206,51.98737646692858,77.60513823915792,46.86382411248272
2020-08-07,65.39009244372991,62.25135610238669,5.114968833182718,67.36632493556941,57.13638726920397,72.48129376875212,52.02141843602125,77.59626260193484,46.906449602838535
2020-08-08,64.64116196737893,62.26406783571111,5.104250792248448,67.36831862795955,57.15981704346266,72.472569420208,52.055566251214216,77.57682021245645,46.951315458965766
2020-08-09,64.62964034859522,62.276584092393044,5.0935648101214,67.37014890251444,57.183019282271644,72.46371371263584,52.089454472150244,77.55727852275724,46.995889662028844
2020-08-10,64.88288205598899,62.29030145009617,5.0835894824019725,67.37389093249814,57.206711967694204,72.45748041490012,52.12312248529223,77.5410698973021,47.03953300289025
2020-08-11,65.06337405223252,62.30482015481941,5.074162815609952,67.37898297042936,57.23065733920946,72.45314578603931,52.156494523599505,77.52730860164927,47.08233170798955
2020-08-12,65.23655721334586,62.3200896186659,5.065283073392979,67.38537269205888,57.25480654527292,72.45065576545186,52.18952347187994,77.51593883884483,47.12424039848696
2020-08-13,65.7971040802213,62.338105237637684,5.058270701594011,67.39637593923169,57.27983453604367,72.4546466408257,52.22156383444966,77.51291734241971,47.16329313285566
2020-08-14,65.52661805555556,62.35454087071973,5.050340309140677,67.40488117986041,57.30420056157905,72.45522148900109,52.25386025243838,77.50556179814177,47.2035199432977
2020-08-15,64.54298558532324,62.36576366412796,5.039744417900487,67.40550808202845,57.326019246227474,72.44525249992894,52.28627482832699,77.48499691782942,47.2465304104265
2020-08-16,65.00249637622805,62.379216382046835,5.03033235632313,67.40954873836996,57.348884025723706,72.43988109469309,52.31855166940058,77.47021345101622,47.28821931307745
2020-08-17,64.57678967471661,62.39037157642587,5.019925765244238,67.41029734167012,57.37044581118163,72.43022310691435,52.350520045937394,77.45014887215859,47.330594280693155
2020-08-18,64.73137260874863,62.40219481396286,5.009931723184106,67.41212653714696,57.392263090778755,72.42205826033107,52.382331367594645,77.43198998351518,47.372399644410535
2020-08-19,66.38816287878788,62.422224804238354,5.005246252275939,67.42747105651429,57.416978551962416,72.43271730879023,52.41173229968648,77.43796356106617,47.40648604741054
2020-08-20,65.23720393591084,62.436299699896715,4.99662072542059,67.4329204253173,57.439678974476124,72.42954115073789,52.44305824905553,77.42616187615849,47.44643752363494
2020-08-21,64.87595189701898,62.44843727301674,4.987083219404308,67.43552049242105,57.461354053612425,72.42260371182536,52.47427083420812,77.40968693122966,47.487187614803815
2020-08-22,65.49713495575222,62.46352983580255,4.979284625810969,67.44281446161352,57.48424520999158,72.42209908742448,52.50496058418061,77.40138371323545,47.52567595836964
2020-08-23,68.09408070550508,62.49126653959419,4.982640797753789,67.47390733734798,57.508625741840405,72.45654813510177,52.525984944086616,77.43918893285556,47.54334414633283
2020-08-24,66.53018246910729,62.511065147091806,4.978390821335535,67.48945596842734,57.53267432575627,72.46784678976287,52.55428350442074,77.44623761109841,47.5758926830852
2020-08-25,65.48143018018018,62.525554732619064,4.970505255304048,67.49605998792312,57.555049477315016,72.46656524322717,52.58454422201097,77.43707049853121,47.614038966706914
2020-08-26,64.26608177923387,62.53400389303952,4.959849976576946,67.49385386961646,57.57415391646257,72.4537038461934,52.61430393988563,77.41355382277035,47.65445396330868
2020-08-27,65.17303654213254,62.546752843035144,4.951195680543401,67.49794852357854,57.595557162491744,72.44914420412195,52.64436148194834,77.40033988466534,47.69316580140494
2020-08-28,64.79657203907205,62.557569281477626,4.941684625816052,67.49925390729368,57.615884655661574,72.44093853310973,52.67420002984552,77.38262315892578,47.73251540402947
2020-08-29,65.50236292245127,62.571659203204774,4.933997752285698,67.50565695549048,57.637661450919076,72.43965470777617,52.70366369863338,77.37365246006186,47.76966594634768
2020-08-30,65.26926502583628,62.584504945217304,4.92569858008862,67.51020352530593,57.65880636512868,72.43590210539455,52.73310778504006,77.36160068548317,47.80740920495144
2020-08-31,65.1785573411249,62.596799032401705,4.917200653111093,67.5139996855128,57.67959837929061,72.4312003386239,52.76239772617952,77.34840099173499,47.84519707306843
2020-09-01,58.331698113207544,62.57668063183946,4.9142728360773225,67.49095346791678,57.662407795762135,72.4052263039941,52.74813495968481,77.31949914007143,47.83386212360749
